sample_id,study,collection_date,read_count,temporal_source,order_relaxed,order_strict,ambiguous_date_tie,usable_relaxed,usable_strict,notes
SRR25475464,PRJNA1000295,2018-03,3000000,biosample_collection_date,1,,yes,yes,no,parsed_in_study=4; strict_unique_dates=0; temporal_source=biosample_collection_date
SRR25475465,PRJNA1000295,2018-03,5000000,biosample_collection_date,2,,yes,yes,no,parsed_in_study=4; strict_unique_dates=0; temporal_source=biosample_collection_date
SRR25475469,PRJNA1000295,2018-03,4000000,biosample_collection_date,3,,yes,yes,no,parsed_in_study=4; strict_unique_dates=0; temporal_source=biosample_collection_date
SRR25475470,PRJNA1000295,2018-03,4000000,biosample_collection_date,4,,yes,yes,no,parsed_in_study=4; strict_unique_dates=0; temporal_source=biosample_collection_date
SRR27827413,PRJNA1071831_Drag,2022-11-03,,biosample_collection_date,1,1,no,yes,yes,parsed_in_study=4; strict_unique_dates=4; temporal_source=biosample_collection_date
SRR27827408,PRJNA1071831_Drag,2022-11-17,,biosample_collection_date,2,2,no,yes,yes,parsed_in_study=4; strict_unique_dates=4; temporal_source=biosample_collection_date
SRR27827406,PRJNA1071831_Drag,2022-12-08,,biosample_collection_date,3,3,no,yes,yes,parsed_in_study=4; strict_unique_dates=4; temporal_source=biosample_collection_date
SRR27827404,PRJNA1071831_Drag,2022-12-21,,biosample_collection_date,4,4,no,yes,yes,parsed_in_study=4; strict_unique_dates=4; temporal_source=biosample_collection_date
SRR27827412,PRJNA1071831_Mech,2022-11-03,,biosample_collection_date,1,1,no,yes,yes,parsed_in_study=4; strict_unique_dates=4; temporal_source=biosample_collection_date
SRR27827407,PRJNA1071831_Mech,2022-11-17,,biosample_collection_date,2,2,no,yes,yes,parsed_in_study=4; strict_unique_dates=4; temporal_source=biosample_collection_date
SRR27827405,PRJNA1071831_Mech,2022-12-08,,biosample_collection_date,3,3,no,yes,yes,parsed_in_study=4; strict_unique_dates=4; temporal_source=biosample_collection_date
SRR27827403,PRJNA1071831_Mech,2022-12-21,,biosample_collection_date,4,4,no,yes,yes,parsed_in_study=4; strict_unique_dates=4; temporal_source=biosample_collection_date
SRR30403276,PRJNA1149575,2023-05-23,323000,biosample_collection_date,1,,yes,yes,no,parsed_in_study=2; strict_unique_dates=0; temporal_source=biosample_collection_date
SRR30403277,PRJNA1149575,2023-05-23,211000,biosample_collection_date,2,,yes,yes,no,parsed_in_study=2; strict_unique_dates=0; temporal_source=biosample_collection_date
SRR35899523,PRJNA1341951,2019-07-19,43000000,biosample_collection_date,1,1,no,no,no,parsed_in_study=1; strict_unique_dates=1; temporal_source=biosample_collection_date
SRR35899572,PRJNA1341956,2019-09-19,48000000,biosample_collection_date,1,1,no,no,no,parsed_in_study=1; strict_unique_dates=1; temporal_source=biosample_collection_date
SRR35899551,PRJNA1342024,2019-08-25,47000000,biosample_collection_date,1,1,no,no,no,parsed_in_study=1; strict_unique_dates=1; temporal_source=biosample_collection_date
SRR35899599,PRJNA1342025,2019-08-26,46000000,biosample_collection_date,1,1,no,no,no,parsed_in_study=1; strict_unique_dates=1; temporal_source=biosample_collection_date
SRR35899562,PRJNA1342026,2019-09-18,59000000,biosample_collection_date,1,1,no,no,no,parsed_in_study=1; strict_unique_dates=1; temporal_source=biosample_collection_date
SRR35899622,PRJNA1342125,2019-09-05,52000000,biosample_collection_date,1,1,no,no,no,parsed_in_study=1; strict_unique_dates=1; temporal_source=biosample_collection_date
SRR35899617,PRJNA1342288,2019-08-26,51000000,biosample_collection_date,1,1,no,no,no,parsed_in_study=1; strict_unique_dates=1; temporal_source=biosample_collection_date
SRR35899647,PRJNA1342330,2019-09-05,29000000,biosample_collection_date,1,1,no,no,no,parsed_in_study=1; strict_unique_dates=1; temporal_source=biosample_collection_date
SRR35899621,PRJNA1342485,2019-09-06,47000000,biosample_collection_date,1,1,no,no,no,parsed_in_study=1; strict_unique_dates=1; temporal_source=biosample_collection_date
SRR35899646,PRJNA1342515,2019-08-23,58000000,biosample_collection_date,1,1,no,no,no,parsed_in_study=1; strict_unique_dates=1; temporal_source=biosample_collection_date
SRR35899614,PRJNA1342540,2019-09-05,48000000,biosample_collection_date,1,1,no,no,no,parsed_in_study=1; strict_unique_dates=1; temporal_source=biosample_collection_date
SRR35899560,PRJNA1342696,2019-08-26,59000000,biosample_collection_date,1,1,no,no,no,parsed_in_study=1; strict_unique_dates=1; temporal_source=biosample_collection_date
SRR35899498,PRJNA1343021,2019-09-26,43000000,biosample_collection_date,1,1,no,no,no,parsed_in_study=1; strict_unique_dates=1; temporal_source=biosample_collection_date
SRR35899609,PRJNA1343173,2019-09-05,43000000,biosample_collection_date,1,1,no,no,no,parsed_in_study=1; strict_unique_dates=1; temporal_source=biosample_collection_date
SRR639750,PRJNA184698,,17000000,sra_release_date,,,no,no,no,parsed_in_study=0; strict_unique_dates=0; temporal_source=sra_release_date
SRR639752,PRJNA184698,,27000000,sra_release_date,,,no,no,no,parsed_in_study=0; strict_unique_dates=0; temporal_source=sra_release_date
SRR639753,PRJNA184698,,30000000,sra_release_date,,,no,no,no,parsed_in_study=0; strict_unique_dates=0; temporal_source=sra_release_date
SRR643889,PRJNA184698,,8000000,sra_release_date,,,no,no,no,parsed_in_study=0; strict_unique_dates=0; temporal_source=sra_release_date
SRR643891,PRJNA184698,,25000000,sra_release_date,,,no,no,no,parsed_in_study=0; strict_unique_dates=0; temporal_source=sra_release_date
SRR7299214,PRJNA475763,2015-06-15,8000000,biosample_collection_date,1,1,no,no,no,parsed_in_study=1; strict_unique_dates=1; temporal_source=biosample_collection_date
SRR10489816,PRJNA588342,2014-07-30,48000000,biosample_collection_date,1,,yes,yes,no,parsed_in_study=7; strict_unique_dates=0; temporal_source=biosample_collection_date
SRR10489818,PRJNA588342,2014-07-30,57000000,biosample_collection_date,2,,yes,yes,no,parsed_in_study=7; strict_unique_dates=0; temporal_source=biosample_collection_date
SRR10489821,PRJNA588342,2014-07-30,49000000,biosample_collection_date,3,,yes,yes,no,parsed_in_study=7; strict_unique_dates=0; temporal_source=biosample_collection_date
SRR10489826,PRJNA588342,2014-07-30,49000000,biosample_collection_date,4,,yes,yes,no,parsed_in_study=7; strict_unique_dates=0; temporal_source=biosample_collection_date
SRR10489829,PRJNA588342,2014-07-30,44000000,biosample_collection_date,5,,yes,yes,no,parsed_in_study=7; strict_unique_dates=0; temporal_source=biosample_collection_date
SRR10489838,PRJNA588342,2014-07-30,48000000,biosample_collection_date,6,,yes,yes,no,parsed_in_study=7; strict_unique_dates=0; temporal_source=biosample_collection_date
SRR10489839,PRJNA588342,2014-07-30,45000000,biosample_collection_date,7,,yes,yes,no,parsed_in_study=7; strict_unique_dates=0; temporal_source=biosample_collection_date
SRR11811727,PRJNA599167,2017-05-18T20:30:00Z,839000,biosample_collection_date,3,3,no,yes,yes,parsed_in_study=6; strict_unique_dates=4; temporal_source=biosample_collection_date
SRR11811728,PRJNA599167,2017-05-18T19:00:00Z,652000,biosample_collection_date,2,2,no,yes,yes,parsed_in_study=6; strict_unique_dates=4; temporal_source=biosample_collection_date
SRR11811733,PRJNA599167,2017-05-17T19:00:00Z,716000,biosample_collection_date,1,1,no,yes,yes,parsed_in_study=6; strict_unique_dates=4; temporal_source=biosample_collection_date
SRR11811738,PRJNA599167,2017-05-19T16:00:00Z,660000,biosample_collection_date,4,4,no,yes,yes,parsed_in_study=6; strict_unique_dates=4; temporal_source=biosample_collection_date
SRR11840535,PRJNA599167,2019-07-25,272000,biosample_collection_date,5,,yes,yes,no,parsed_in_study=6; strict_unique_dates=4; temporal_source=biosample_collection_date
SRR11840546,PRJNA599167,2019-07-25,249000,biosample_collection_date,6,,yes,yes,no,parsed_in_study=6; strict_unique_dates=4; temporal_source=biosample_collection_date
SRR11803505,PRJNA599167_WGA,2017-05-17T17:30:00Z,17700000,biosample_collection_date,1,1,no,yes,yes,parsed_in_study=11; strict_unique_dates=11; temporal_source=biosample_collection_date
SRR11803504,PRJNA599167_WGA,2017-05-17T19:00:00Z,13800000,biosample_collection_date,2,2,no,yes,yes,parsed_in_study=11; strict_unique_dates=11; temporal_source=biosample_collection_date
SRR11803502,PRJNA599167_WGA,2017-05-17T20:30:00Z,8500000,biosample_collection_date,3,3,no,yes,yes,parsed_in_study=11; strict_unique_dates=11; temporal_source=biosample_collection_date
SRR11803501,PRJNA599167_WGA,2017-05-18T14:30:00Z,13800000,biosample_collection_date,4,4,no,yes,yes,parsed_in_study=11; strict_unique_dates=11; temporal_source=biosample_collection_date
SRR11803500,PRJNA599167_WGA,2017-05-18T16:00:00Z,12100000,biosample_collection_date,5,5,no,yes,yes,parsed_in_study=11; strict_unique_dates=11; temporal_source=biosample_collection_date
SRR11803499,PRJNA599167_WGA,2017-05-18T17:30:00Z,11200000,biosample_collection_date,6,6,no,yes,yes,parsed_in_study=11; strict_unique_dates=11; temporal_source=biosample_collection_date
SRR11803498,PRJNA599167_WGA,2017-05-18T19:00:00Z,4100000,biosample_collection_date,7,7,no,yes,yes,parsed_in_study=11; strict_unique_dates=11; temporal_source=biosample_collection_date
SRR11803497,PRJNA599167_WGA,2017-05-18T20:30:00Z,9300000,biosample_collection_date,8,8,no,yes,yes,parsed_in_study=11; strict_unique_dates=11; temporal_source=biosample_collection_date
SRR11803496,PRJNA599167_WGA,2017-05-19T14:30:00Z,,biosample_collection_date,9,9,no,yes,yes,parsed_in_study=11; strict_unique_dates=11; temporal_source=biosample_collection_date
SRR11803495,PRJNA599167_WGA,2017-05-19T16:00:00Z,,biosample_collection_date,10,10,no,yes,yes,parsed_in_study=11; strict_unique_dates=11; temporal_source=biosample_collection_date
SRR11803503,PRJNA599167_WGA,2017-05-19T17:30:00Z,10700000,biosample_collection_date,11,11,no,yes,yes,parsed_in_study=11; strict_unique_dates=11; temporal_source=biosample_collection_date
SRR13853495,PRJNA706165,2018-11-20,564000,biosample_collection_date,1,1,no,no,no,parsed_in_study=1; strict_unique_dates=1; temporal_source=biosample_collection_date
SRR13938450,PRJNA713765,2018-06-20,275000,biosample_collection_date,1,1,no,no,no,parsed_in_study=1; strict_unique_dates=1; temporal_source=biosample_collection_date
