sample_id,aminocoumarin antibiotic,aminocoumarin antibiotic;aminoglycoside antibiotic,aminocoumarin antibiotic;aminoglycoside antibiotic;carbapenem;cephalosporin;diaminopyrimidine antibiotic;disinfecting agents and antiseptics;fluoroquinolone antibiotic;macrolide antibiotic;monobactam;penicillin beta-lactam;peptide antibiotic;phenicol antibiotic;sulfonamide antibiotic;tetracycline antibiotic,aminocoumarin antibiotic;aminoglycoside antibiotic;carbapenem;cephalosporin;diaminopyrimidine antibiotic;fluoroquinolone antibiotic;macrolide antibiotic;monobactam;penicillin beta-lactam;peptide antibiotic;phenicol antibiotic;sulfonamide antibiotic;tetracycline antibiotic,aminocoumarin antibiotic;aminoglycoside antibiotic;carbapenem;cephalosporin;disinfecting agents and antiseptics;fluoroquinolone antibiotic;glycylcycline;macrolide antibiotic;penicillin beta-lactam;peptide antibiotic;phenicol antibiotic;rifamycin antibiotic;tetracycline antibiotic,aminocoumarin antibiotic;aminoglycoside antibiotic;cephalosporin;diaminopyrimidine antibiotic;fluoroquinolone antibiotic;macrolide antibiotic;penicillin beta-lactam;phenicol antibiotic;tetracycline antibiotic,aminocoumarin antibiotic;carbapenem;cephalosporin;diaminopyrimidine antibiotic;fluoroquinolone antibiotic;macrolide antibiotic;monobactam;penicillin beta-lactam;peptide antibiotic;phenicol antibiotic;sulfonamide antibiotic;tetracycline antibiotic,aminocoumarin antibiotic;carbapenem;peptide antibiotic;rifamycin antibiotic,aminocoumarin antibiotic;macrolide antibiotic;monobactam;tetracycline antibiotic,aminoglycoside antibiotic,aminoglycoside antibiotic;cephalosporin;disinfecting agents and antiseptics;macrolide antibiotic;peptide antibiotic;rifamycin antibiotic;tetracycline antibiotic,aminoglycoside antibiotic;disinfecting agents and antiseptics;fluoroquinolone antibiotic,aminoglycoside antibiotic;fluoroquinolone antibiotic,aminoglycoside antibiotic;macrolide antibiotic,carbapenem,carbapenem;cephalosporin;diaminopyrimidine antibiotic;fluoroquinolone antibiotic;lincosamide antibiotic;macrolide antibiotic;penicillin beta-lactam;phenicol antibiotic;rifamycin antibiotic;tetracycline antibiotic,carbapenem;cephalosporin;disinfecting agents and antiseptics;fluoroquinolone antibiotic;glycylcycline;monobactam;penicillin beta-lactam;phenicol antibiotic;rifamycin antibiotic;tetracycline antibiotic,carbapenem;cephalosporin;monobactam;penicillin beta-lactam,carbapenem;cephalosporin;monobactam;penicillin beta-lactam;phenicol antibiotic,cephalosporin,cephalosporin;disinfecting agents and antiseptics;fluoroquinolone antibiotic;glycopeptide antibiotic;glycylcycline;oxazolidinone antibiotic;penicillin beta-lactam;phenicol antibiotic;rifamycin antibiotic;tetracycline antibiotic,cephalosporin;disinfecting agents and antiseptics;fluoroquinolone antibiotic;glycylcycline;penicillin beta-lactam;phenicol antibiotic;rifamycin antibiotic;tetracycline antibiotic,cephalosporin;fluoroquinolone antibiotic;macrolide antibiotic;penicillin beta-lactam;tetracycline antibiotic,cephalosporin;fluoroquinolone antibiotic;penicillin beta-lactam,diaminopyrimidine antibiotic;fluoroquinolone antibiotic;glycylcycline;nitrofuran antibiotic;tetracycline antibiotic,diaminopyrimidine antibiotic;fluoroquinolone antibiotic;phenicol antibiotic,disinfecting agents and antiseptics,disinfecting agents and antiseptics;fluoroquinolone antibiotic;lincosamide antibiotic;nucleoside antibiotic;phenicol antibiotic,disinfecting agents and antiseptics;fluoroquinolone antibiotic;macrolide antibiotic;phenicol antibiotic;tetracycline antibiotic,disinfecting agents and antiseptics;macrolide antibiotic;tetracycline antibiotic,disinfecting agents and antiseptics;nucleoside antibiotic,disinfecting agents and antiseptics;phenicol antibiotic;tetracycline antibiotic,fluoroquinolone antibiotic,fluoroquinolone antibiotic;macrolide antibiotic;penicillin beta-lactam,fluoroquinolone antibiotic;macrolide antibiotic;phenicol antibiotic;tetracycline antibiotic,glycopeptide antibiotic,glycylcycline;tetracycline antibiotic,lincosamide antibiotic,lincosamide antibiotic;macrolide antibiotic;streptogramin A antibiotic;streptogramin B antibiotic;streptogramin antibiotic,lincosamide antibiotic;macrolide antibiotic;streptogramin B antibiotic;streptogramin antibiotic,lincosamide antibiotic;macrolide antibiotic;streptogramin antibiotic,lincosamide antibiotic;pleuromutilin antibiotic;streptogramin antibiotic,macrolide antibiotic,macrolide antibiotic;streptogramin antibiotic,macrolide antibiotic;tetracycline antibiotic,mupirocin-like antibiotic,nitroimidazole antibiotic,peptide antibiotic,peptide antibiotic;rifamycin antibiotic,phenicol antibiotic,phosphonic acid antibiotic,rifamycin antibiotic,streptogramin A antibiotic;streptogramin antibiotic,sulfonamide antibiotic,sulfonamide antibiotic;sulfone antibiotic,tetracycline antibiotic
SRR10489816,0.00000000e+00,0.00000000e+00,0.00000000e+00,0.00000000e+00,0.00000000e+00,0.00000000e+00,0.00000000e+00,0.00000000e+00,0.00000000e+00,0.00000000e+00,0.00000000e+00,0.00000000e+00,0.00000000e+00,0.00000000e+00,0.00000000e+00,0.00000000e+00,0.00000000e+00,0.00000000e+00,0.00000000e+00,0.00000000e+00,0.00000000e+00,0.00000000e+00,0.00000000e+00,0.00000000e+00,0.00000000e+00,0.00000000e+00,0.00000000e+00,0.00000000e+00,0.00000000e+00,0.00000000e+00,0.00000000e+00,0.00000000e+00,0.00000000e+00,0.00000000e+00,0.00000000e+00,0.00000000e+00,0.00000000e+00,0.00000000e+00,0.00000000e+00,0.00000000e+00,0.00000000e+00,0.00000000e+00,0.00000000e+00,0.00000000e+00,0.00000000e+00,0.00000000e+00,0.00000000e+00,0.00000000e+00,3.33333333e-07,0.00000000e+00,0.00000000e+00,8.33333333e-08,0.00000000e+00,0.00000000e+00,0.00000000e+00,0.00000000e+00
SRR10489821,8.33333333e-08,0.00000000e+00,0.00000000e+00,0.00000000e+00,0.00000000e+00,0.00000000e+00,0.00000000e+00,0.00000000e+00,0.00000000e+00,0.00000000e+00,0.00000000e+00,0.00000000e+00,0.00000000e+00,0.00000000e+00,0.00000000e+00,0.00000000e+00,0.00000000e+00,0.00000000e+00,0.00000000e+00,0.00000000e+00,0.00000000e+00,0.00000000e+00,0.00000000e+00,0.00000000e+00,0.00000000e+00,0.00000000e+00,0.00000000e+00,0.00000000e+00,0.00000000e+00,0.00000000e+00,0.00000000e+00,0.00000000e+00,0.00000000e+00,0.00000000e+00,0.00000000e+00,0.00000000e+00,0.00000000e+00,0.00000000e+00,0.00000000e+00,0.00000000e+00,0.00000000e+00,0.00000000e+00,0.00000000e+00,0.00000000e+00,0.00000000e+00,0.00000000e+00,0.00000000e+00,0.00000000e+00,1.66666667e-07,0.00000000e+00,0.00000000e+00,8.33333333e-08,0.00000000e+00,0.00000000e+00,0.00000000e+00,0.00000000e+00
SRR10489829,0.00000000e+00,0.00000000e+00,0.00000000e+00,0.00000000e+00,0.00000000e+00,0.00000000e+00,0.00000000e+00,0.00000000e+00,1.69380165e-07,0.00000000e+00,0.00000000e+00,0.00000000e+00,0.00000000e+00,0.00000000e+00,0.00000000e+00,0.00000000e+00,0.00000000e+00,0.00000000e+00,0.00000000e+00,0.00000000e+00,0.00000000e+00,0.00000000e+00,0.00000000e+00,0.00000000e+00,0.00000000e+00,0.00000000e+00,0.00000000e+00,0.00000000e+00,0.00000000e+00,0.00000000e+00,0.00000000e+00,0.00000000e+00,0.00000000e+00,0.00000000e+00,0.00000000e+00,8.46900826e-08,0.00000000e+00,0.00000000e+00,0.00000000e+00,0.00000000e+00,0.00000000e+00,0.00000000e+00,0.00000000e+00,0.00000000e+00,0.00000000e+00,0.00000000e+00,0.00000000e+00,0.00000000e+00,3.38760330e-07,0.00000000e+00,0.00000000e+00,8.46900826e-08,0.00000000e+00,0.00000000e+00,0.00000000e+00,0.00000000e+00
SRR10489838,0.00000000e+00,0.00000000e+00,0.00000000e+00,0.00000000e+00,0.00000000e+00,0.00000000e+00,0.00000000e+00,0.00000000e+00,0.00000000e+00,0.00000000e+00,0.00000000e+00,0.00000000e+00,0.00000000e+00,0.00000000e+00,0.00000000e+00,0.00000000e+00,0.00000000e+00,0.00000000e+00,0.00000000e+00,0.00000000e+00,0.00000000e+00,0.00000000e+00,0.00000000e+00,0.00000000e+00,0.00000000e+00,0.00000000e+00,0.00000000e+00,0.00000000e+00,0.00000000e+00,0.00000000e+00,0.00000000e+00,0.00000000e+00,0.00000000e+00,0.00000000e+00,0.00000000e+00,0.00000000e+00,0.00000000e+00,0.00000000e+00,0.00000000e+00,0.00000000e+00,0.00000000e+00,0.00000000e+00,0.00000000e+00,0.00000000e+00,0.00000000e+00,0.00000000e+00,0.00000000e+00,0.00000000e+00,0.00000000e+00,0.00000000e+00,0.00000000e+00,0.00000000e+00,0.00000000e+00,0.00000000e+00,0.00000000e+00,0.00000000e+00
SRR10489839,0.00000000e+00,0.00000000e+00,0.00000000e+00,0.00000000e+00,0.00000000e+00,0.00000000e+00,0.00000000e+00,0.00000000e+00,8.33333333e-08,0.00000000e+00,0.00000000e+00,0.00000000e+00,0.00000000e+00,0.00000000e+00,0.00000000e+00,0.00000000e+00,0.00000000e+00,0.00000000e+00,0.00000000e+00,0.00000000e+00,0.00000000e+00,0.00000000e+00,0.00000000e+00,0.00000000e+00,0.00000000e+00,0.00000000e+00,0.00000000e+00,0.00000000e+00,0.00000000e+00,0.00000000e+00,0.00000000e+00,0.00000000e+00,0.00000000e+00,0.00000000e+00,0.00000000e+00,0.00000000e+00,0.00000000e+00,0.00000000e+00,0.00000000e+00,0.00000000e+00,0.00000000e+00,0.00000000e+00,0.00000000e+00,0.00000000e+00,0.00000000e+00,0.00000000e+00,0.00000000e+00,0.00000000e+00,4.16666667e-07,0.00000000e+00,0.00000000e+00,0.00000000e+00,0.00000000e+00,0.00000000e+00,0.00000000e+00,0.00000000e+00
SRR25475464,0.00000000e+00,0.00000000e+00,0.00000000e+00,0.00000000e+00,0.00000000e+00,0.00000000e+00,0.00000000e+00,0.00000000e+00,0.00000000e+00,0.00000000e+00,0.00000000e+00,0.00000000e+00,0.00000000e+00,0.00000000e+00,0.00000000e+00,0.00000000e+00,0.00000000e+00,0.00000000e+00,0.00000000e+00,0.00000000e+00,0.00000000e+00,0.00000000e+00,0.00000000e+00,0.00000000e+00,0.00000000e+00,1.56091470e-07,0.00000000e+00,0.00000000e+00,0.00000000e+00,0.00000000e+00,0.00000000e+00,0.00000000e+00,0.00000000e+00,0.00000000e+00,0.00000000e+00,0.00000000e+00,0.00000000e+00,0.00000000e+00,0.00000000e+00,0.00000000e+00,0.00000000e+00,0.00000000e+00,0.00000000e+00,0.00000000e+00,0.00000000e+00,0.00000000e+00,0.00000000e+00,0.00000000e+00,0.00000000e+00,0.00000000e+00,0.00000000e+00,0.00000000e+00,0.00000000e+00,0.00000000e+00,0.00000000e+00,0.00000000e+00
SRR25475465,0.00000000e+00,0.00000000e+00,0.00000000e+00,0.00000000e+00,0.00000000e+00,0.00000000e+00,0.00000000e+00,0.00000000e+00,0.00000000e+00,0.00000000e+00,0.00000000e+00,0.00000000e+00,0.00000000e+00,0.00000000e+00,0.00000000e+00,0.00000000e+00,0.00000000e+00,0.00000000e+00,0.00000000e+00,0.00000000e+00,0.00000000e+00,0.00000000e+00,0.00000000e+00,0.00000000e+00,1.14911225e-07,1.14911225e-07,0.00000000e+00,0.00000000e+00,0.00000000e+00,2.29822451e-07,0.00000000e+00,0.00000000e+00,0.00000000e+00,0.00000000e+00,0.00000000e+00,0.00000000e+00,1.14911225e-07,1.14911225e-07,0.00000000e+00,0.00000000e+00,0.00000000e+00,0.00000000e+00,1.14911225e-07,1.14911225e-07,0.00000000e+00,0.00000000e+00,0.00000000e+00,1.14911225e-07,1.14911225e-07,0.00000000e+00,0.00000000e+00,0.00000000e+00,0.00000000e+00,0.00000000e+00,1.14911225e-07,0.00000000e+00
SRR25475469,0.00000000e+00,0.00000000e+00,0.00000000e+00,0.00000000e+00,0.00000000e+00,0.00000000e+00,0.00000000e+00,0.00000000e+00,0.00000000e+00,1.30625996e-07,0.00000000e+00,0.00000000e+00,0.00000000e+00,1.30625996e-07,0.00000000e+00,0.00000000e+00,0.00000000e+00,0.00000000e+00,0.00000000e+00,0.00000000e+00,0.00000000e+00,0.00000000e+00,0.00000000e+00,0.00000000e+00,0.00000000e+00,0.00000000e+00,0.00000000e+00,0.00000000e+00,0.00000000e+00,1.30625996e-07,0.00000000e+00,0.00000000e+00,0.00000000e+00,0.00000000e+00,0.00000000e+00,0.00000000e+00,0.00000000e+00,0.00000000e+00,0.00000000e+00,0.00000000e+00,0.00000000e+00,0.00000000e+00,0.00000000e+00,0.00000000e+00,0.00000000e+00,0.00000000e+00,0.00000000e+00,0.00000000e+00,0.00000000e+00,0.00000000e+00,0.00000000e+00,0.00000000e+00,0.00000000e+00,0.00000000e+00,0.00000000e+00,0.00000000e+00
SRR25475470,0.00000000e+00,0.00000000e+00,0.00000000e+00,0.00000000e+00,0.00000000e+00,0.00000000e+00,0.00000000e+00,0.00000000e+00,0.00000000e+00,1.15554890e-07,0.00000000e+00,0.00000000e+00,0.00000000e+00,0.00000000e+00,1.15554890e-07,1.15554890e-07,0.00000000e+00,0.00000000e+00,0.00000000e+00,0.00000000e+00,0.00000000e+00,0.00000000e+00,0.00000000e+00,0.00000000e+00,0.00000000e+00,1.15554890e-07,0.00000000e+00,0.00000000e+00,0.00000000e+00,1.15554890e-07,0.00000000e+00,0.00000000e+00,1.15554890e-07,0.00000000e+00,0.00000000e+00,0.00000000e+00,1.15554890e-07,0.00000000e+00,0.00000000e+00,0.00000000e+00,0.00000000e+00,0.00000000e+00,1.15554890e-07,2.31109780e-07,1.15554890e-07,1.15554890e-07,0.00000000e+00,0.00000000e+00,1.15554890e-07,0.00000000e+00,0.00000000e+00,0.00000000e+00,0.00000000e+00,0.00000000e+00,1.15554890e-07,1.15554890e-07
SRR35899498,0.00000000e+00,0.00000000e+00,0.00000000e+00,0.00000000e+00,0.00000000e+00,0.00000000e+00,0.00000000e+00,0.00000000e+00,8.33333333e-08,0.00000000e+00,0.00000000e+00,0.00000000e+00,0.00000000e+00,0.00000000e+00,0.00000000e+00,0.00000000e+00,0.00000000e+00,0.00000000e+00,0.00000000e+00,0.00000000e+00,0.00000000e+00,0.00000000e+00,0.00000000e+00,0.00000000e+00,0.00000000e+00,0.00000000e+00,0.00000000e+00,0.00000000e+00,0.00000000e+00,0.00000000e+00,0.00000000e+00,0.00000000e+00,0.00000000e+00,0.00000000e+00,8.33333333e-08,0.00000000e+00,0.00000000e+00,0.00000000e+00,0.00000000e+00,0.00000000e+00,0.00000000e+00,0.00000000e+00,0.00000000e+00,0.00000000e+00,0.00000000e+00,0.00000000e+00,0.00000000e+00,0.00000000e+00,1.66666667e-07,0.00000000e+00,0.00000000e+00,0.00000000e+00,0.00000000e+00,0.00000000e+00,0.00000000e+00,0.00000000e+00
SRR35899523,0.00000000e+00,0.00000000e+00,0.00000000e+00,0.00000000e+00,0.00000000e+00,0.00000000e+00,0.00000000e+00,0.00000000e+00,0.00000000e+00,0.00000000e+00,0.00000000e+00,0.00000000e+00,0.00000000e+00,0.00000000e+00,0.00000000e+00,0.00000000e+00,0.00000000e+00,0.00000000e+00,0.00000000e+00,0.00000000e+00,0.00000000e+00,0.00000000e+00,0.00000000e+00,0.00000000e+00,0.00000000e+00,0.00000000e+00,0.00000000e+00,0.00000000e+00,0.00000000e+00,0.00000000e+00,0.00000000e+00,0.00000000e+00,0.00000000e+00,0.00000000e+00,0.00000000e+00,0.00000000e+00,0.00000000e+00,0.00000000e+00,0.00000000e+00,0.00000000e+00,0.00000000e+00,0.00000000e+00,0.00000000e+00,0.00000000e+00,0.00000000e+00,0.00000000e+00,0.00000000e+00,0.00000000e+00,8.33333333e-08,0.00000000e+00,0.00000000e+00,0.00000000e+00,0.00000000e+00,0.00000000e+00,0.00000000e+00,0.00000000e+00
SRR35899599,0.00000000e+00,0.00000000e+00,0.00000000e+00,0.00000000e+00,0.00000000e+00,0.00000000e+00,0.00000000e+00,0.00000000e+00,8.33333333e-08,0.00000000e+00,0.00000000e+00,0.00000000e+00,0.00000000e+00,0.00000000e+00,0.00000000e+00,0.00000000e+00,0.00000000e+00,0.00000000e+00,0.00000000e+00,0.00000000e+00,0.00000000e+00,0.00000000e+00,0.00000000e+00,0.00000000e+00,0.00000000e+00,0.00000000e+00,0.00000000e+00,0.00000000e+00,0.00000000e+00,0.00000000e+00,0.00000000e+00,0.00000000e+00,0.00000000e+00,0.00000000e+00,0.00000000e+00,0.00000000e+00,0.00000000e+00,0.00000000e+00,0.00000000e+00,0.00000000e+00,0.00000000e+00,0.00000000e+00,0.00000000e+00,0.00000000e+00,0.00000000e+00,0.00000000e+00,0.00000000e+00,0.00000000e+00,8.33333333e-08,0.00000000e+00,0.00000000e+00,0.00000000e+00,0.00000000e+00,0.00000000e+00,0.00000000e+00,0.00000000e+00
SRR35899609,0.00000000e+00,0.00000000e+00,0.00000000e+00,0.00000000e+00,0.00000000e+00,0.00000000e+00,0.00000000e+00,0.00000000e+00,0.00000000e+00,0.00000000e+00,0.00000000e+00,0.00000000e+00,8.33333333e-08,0.00000000e+00,0.00000000e+00,0.00000000e+00,0.00000000e+00,0.00000000e+00,0.00000000e+00,0.00000000e+00,0.00000000e+00,0.00000000e+00,0.00000000e+00,0.00000000e+00,0.00000000e+00,8.33333333e-08,0.00000000e+00,0.00000000e+00,0.00000000e+00,0.00000000e+00,0.00000000e+00,0.00000000e+00,0.00000000e+00,0.00000000e+00,0.00000000e+00,0.00000000e+00,0.00000000e+00,0.00000000e+00,0.00000000e+00,0.00000000e+00,0.00000000e+00,0.00000000e+00,0.00000000e+00,0.00000000e+00,0.00000000e+00,0.00000000e+00,0.00000000e+00,0.00000000e+00,0.00000000e+00,0.00000000e+00,0.00000000e+00,0.00000000e+00,0.00000000e+00,8.33333333e-08,0.00000000e+00,0.00000000e+00
SRR35899647,0.00000000e+00,0.00000000e+00,0.00000000e+00,0.00000000e+00,0.00000000e+00,0.00000000e+00,0.00000000e+00,0.00000000e+00,0.00000000e+00,0.00000000e+00,0.00000000e+00,0.00000000e+00,0.00000000e+00,0.00000000e+00,0.00000000e+00,0.00000000e+00,0.00000000e+00,0.00000000e+00,0.00000000e+00,0.00000000e+00,0.00000000e+00,0.00000000e+00,0.00000000e+00,0.00000000e+00,0.00000000e+00,0.00000000e+00,0.00000000e+00,0.00000000e+00,0.00000000e+00,0.00000000e+00,0.00000000e+00,0.00000000e+00,0.00000000e+00,0.00000000e+00,0.00000000e+00,0.00000000e+00,0.00000000e+00,0.00000000e+00,0.00000000e+00,0.00000000e+00,0.00000000e+00,0.00000000e+00,0.00000000e+00,0.00000000e+00,0.00000000e+00,0.00000000e+00,0.00000000e+00,0.00000000e+00,0.00000000e+00,0.00000000e+00,0.00000000e+00,0.00000000e+00,0.00000000e+00,0.00000000e+00,0.00000000e+00,0.00000000e+00
SRR639750,0.00000000e+00,0.00000000e+00,0.00000000e+00,1.66666667e-07,0.00000000e+00,5.00000000e-07,5.00000000e-07,0.00000000e+00,1.16666667e-06,0.00000000e+00,0.00000000e+00,1.66666667e-07,0.00000000e+00,0.00000000e+00,0.00000000e+00,0.00000000e+00,0.00000000e+00,0.00000000e+00,0.00000000e+00,0.00000000e+00,3.33333333e-07,0.00000000e+00,0.00000000e+00,0.00000000e+00,0.00000000e+00,1.16666667e-06,1.66666667e-07,0.00000000e+00,3.33333333e-07,1.66666667e-07,0.00000000e+00,0.00000000e+00,0.00000000e+00,0.00000000e+00,0.00000000e+00,0.00000000e+00,0.00000000e+00,0.00000000e+00,0.00000000e+00,0.00000000e+00,0.00000000e+00,0.00000000e+00,0.00000000e+00,0.00000000e+00,0.00000000e+00,0.00000000e+00,0.00000000e+00,1.66666667e-07,0.00000000e+00,3.33333333e-07,0.00000000e+00,0.00000000e+00,0.00000000e+00,0.00000000e+00,0.00000000e+00,0.00000000e+00
SRR639752,0.00000000e+00,0.00000000e+00,1.66666667e-07,1.66666667e-07,0.00000000e+00,3.33333333e-07,6.66666667e-07,0.00000000e+00,6.66666667e-07,1.66666667e-07,0.00000000e+00,0.00000000e+00,0.00000000e+00,0.00000000e+00,0.00000000e+00,0.00000000e+00,0.00000000e+00,0.00000000e+00,0.00000000e+00,0.00000000e+00,5.00000000e-07,0.00000000e+00,0.00000000e+00,0.00000000e+00,0.00000000e+00,1.66666667e-06,1.66666667e-07,0.00000000e+00,3.33333333e-07,5.00000000e-07,0.00000000e+00,0.00000000e+00,0.00000000e+00,0.00000000e+00,0.00000000e+00,0.00000000e+00,0.00000000e+00,0.00000000e+00,1.66666667e-07,0.00000000e+00,0.00000000e+00,0.00000000e+00,0.00000000e+00,0.00000000e+00,0.00000000e+00,0.00000000e+00,0.00000000e+00,1.66666667e-07,0.00000000e+00,1.66666667e-07,0.00000000e+00,0.00000000e+00,0.00000000e+00,0.00000000e+00,0.00000000e+00,0.00000000e+00
SRR643889,0.00000000e+00,0.00000000e+00,0.00000000e+00,0.00000000e+00,0.00000000e+00,0.00000000e+00,0.00000000e+00,0.00000000e+00,0.00000000e+00,0.00000000e+00,0.00000000e+00,0.00000000e+00,0.00000000e+00,0.00000000e+00,0.00000000e+00,0.00000000e+00,0.00000000e+00,0.00000000e+00,0.00000000e+00,0.00000000e+00,0.00000000e+00,0.00000000e+00,0.00000000e+00,0.00000000e+00,0.00000000e+00,0.00000000e+00,0.00000000e+00,0.00000000e+00,0.00000000e+00,0.00000000e+00,0.00000000e+00,0.00000000e+00,0.00000000e+00,0.00000000e+00,0.00000000e+00,0.00000000e+00,0.00000000e+00,0.00000000e+00,0.00000000e+00,0.00000000e+00,0.00000000e+00,0.00000000e+00,0.00000000e+00,0.00000000e+00,0.00000000e+00,0.00000000e+00,0.00000000e+00,0.00000000e+00,0.00000000e+00,0.00000000e+00,0.00000000e+00,0.00000000e+00,0.00000000e+00,0.00000000e+00,0.00000000e+00,0.00000000e+00
SRR643891,5.00000000e-07,1.66666667e-07,0.00000000e+00,0.00000000e+00,1.66666667e-07,0.00000000e+00,0.00000000e+00,1.66666667e-07,0.00000000e+00,5.00000000e-07,3.33333333e-07,0.00000000e+00,0.00000000e+00,0.00000000e+00,0.00000000e+00,0.00000000e+00,3.33333333e-07,1.66666667e-07,1.66666667e-07,1.66666667e-07,0.00000000e+00,5.00000000e-07,1.66666667e-07,3.33333333e-07,0.00000000e+00,1.66666667e-07,0.00000000e+00,1.66666667e-07,0.00000000e+00,0.00000000e+00,5.00000000e-07,1.66666667e-07,1.16666667e-06,3.33333333e-07,0.00000000e+00,0.00000000e+00,0.00000000e+00,0.00000000e+00,1.66666667e-07,0.00000000e+00,0.00000000e+00,0.00000000e+00,0.00000000e+00,0.00000000e+00,0.00000000e+00,0.00000000e+00,1.66666667e-07,1.16666667e-06,0.00000000e+00,0.00000000e+00,1.66666667e-07,0.00000000e+00,0.00000000e+00,0.00000000e+00,0.00000000e+00,0.00000000e+00
SRR7299214,0.00000000e+00,0.00000000e+00,0.00000000e+00,8.33333333e-08,0.00000000e+00,0.00000000e+00,0.00000000e+00,0.00000000e+00,0.00000000e+00,2.50000000e-07,0.00000000e+00,0.00000000e+00,0.00000000e+00,0.00000000e+00,0.00000000e+00,0.00000000e+00,0.00000000e+00,0.00000000e+00,0.00000000e+00,0.00000000e+00,0.00000000e+00,0.00000000e+00,0.00000000e+00,0.00000000e+00,0.00000000e+00,6.66666667e-07,8.33333333e-08,0.00000000e+00,0.00000000e+00,0.00000000e+00,0.00000000e+00,0.00000000e+00,0.00000000e+00,0.00000000e+00,0.00000000e+00,0.00000000e+00,0.00000000e+00,8.33333333e-07,3.33333333e-07,8.33333333e-08,1.66666667e-07,3.33333333e-07,8.33333333e-08,2.50000000e-07,0.00000000e+00,0.00000000e+00,0.00000000e+00,5.83333333e-07,0.00000000e+00,0.00000000e+00,0.00000000e+00,0.00000000e+00,2.50000000e-07,0.00000000e+00,3.33333333e-07,8.33333333e-08
