sample_id,environment,country,year,study,timepoint,treatment,read_count,collection_date,first_public,last_updated,sample_alias,sample_title,location,country_ena,study_accession,sample_accession,biosample_accession,biosample_collection_date,sra_release_date,temporal_source
SRR13853495,wastewater,China: Harbin,NA,PRJNA706165,NA,NA,564000,2018-11-20,,,,,,,,,SAMN18121158,2018-11-20,2021-12-31 02:48:19,biosample_collection_date
SRR25475464,wastewater,Italy:Trento,NA,PRJNA1000295,NA,NA,3000000,2018-03,,,,,,,,,SAMN36767414,2018-03,2023-08-01 16:54:34,biosample_collection_date
SRR25475465,wastewater,Italy:Trento,NA,PRJNA1000295,NA,NA,5000000,2018-03,,,,,,,,,SAMN36767413,2018-03,2023-08-01 16:54:34,biosample_collection_date
SRR25475469,wastewater,Italy:Trento,NA,PRJNA1000295,NA,NA,4000000,2018-03,,,,,,,,,SAMN36767409,2018-03,2023-08-01 16:54:34,biosample_collection_date
SRR25475470,wastewater,Italy:Trento,NA,PRJNA1000295,NA,NA,4000000,2018-03,,,,,,,,,SAMN36767408,2018-03,2023-08-01 16:54:34,biosample_collection_date
SRR30403276,wastewater,France: Oissery,NA,PRJNA1149575,NA,NA,323000,2023-05-23,,,,,,,,,SAMN43253838,2023-05-23,2024-08-26 23:25:16,biosample_collection_date
SRR30403277,wastewater,France: Oissery,NA,PRJNA1149575,NA,NA,211000,2023-05-23,,,,,,,,,SAMN43253837,2023-05-23,2024-08-26 23:25:16,biosample_collection_date
SRR10489816,soil,Russia: Chersky,NA,PRJNA588342,NA,NA,48000000,2014-07-30,,,,,,,,,SAMN13241871,2014-07-30,2020-12-08 00:00:30,biosample_collection_date
SRR10489818,soil,Russia: Chersky,NA,PRJNA588342,NA,NA,57000000,2014-07-30,,,,,,,,,SAMN13241871,2014-07-30,2020-12-08 00:00:30,biosample_collection_date
SRR10489821,soil,Russia: Chersky,NA,PRJNA588342,NA,NA,49000000,2014-07-30,,,,,,,,,SAMN13241871,2014-07-30,2020-12-08 00:00:31,biosample_collection_date
SRR10489826,soil,Russia: Chersky,NA,PRJNA588342,NA,NA,49000000,2014-07-30,,,,,,,,,SAMN13241871,2014-07-30,2020-12-08 00:00:31,biosample_collection_date
SRR10489829,soil,Russia: Chersky,NA,PRJNA588342,NA,NA,44000000,2014-07-30,,,,,,,,,SAMN13241871,2014-07-30,2020-12-08 00:00:31,biosample_collection_date
SRR10489838,soil,Russia: Chersky,NA,PRJNA588342,NA,NA,48000000,2014-07-30,,,,,,,,,SAMN13241871,2014-07-30,2020-12-08 00:00:31,biosample_collection_date
SRR10489839,soil,Russia: Chersky,NA,PRJNA588342,NA,NA,45000000,2014-07-30,,,,,,,,,SAMN13241871,2014-07-30,2020-12-08 00:00:31,biosample_collection_date
SRR11811727,river,USA: Chesapeake Bay,NA,PRJNA599167,NA,NA,839000,2017-05-18T20:30:00Z,,,,,,,,,SAMN14946812,2017-05-18T20:30:00Z,2020-11-23 15:49:22,biosample_collection_date
SRR11811728,river,USA: Chesapeake Bay,NA,PRJNA599167,NA,NA,652000,2017-05-18T19:00:00Z,,,,,,,,,SAMN14946811,2017-05-18T19:00:00Z,2020-11-23 15:49:22,biosample_collection_date
SRR11811733,river,USA: Chesapeake Bay,NA,PRJNA599167,NA,NA,716000,2017-05-17T19:00:00Z,,,,,,,,,SAMN14946806,2017-05-17T19:00:00Z,2020-11-23 15:49:22,biosample_collection_date
SRR11811738,river,USA: Chesapeake Bay,NA,PRJNA599167,NA,NA,660000,2017-05-19T16:00:00Z,,,,,,,,,SAMN14946814,2017-05-19T16:00:00Z,2020-11-23 15:49:22,biosample_collection_date
SRR639750,river,NA,NA,PRJNA184698,NA,NA,17000000,,,,,,,,,,SAMN01860705,,2013-07-02 00:00:00,sra_release_date
SRR639752,river,NA,NA,PRJNA184698,NA,NA,27000000,,,,,,,,,,SAMN01860707,,2013-07-02 00:00:00,sra_release_date
SRR639753,river,NA,NA,PRJNA184698,NA,NA,30000000,,,,,,,,,,SAMN01860708,,2013-07-01 00:00:00,sra_release_date
SRR643889,river,NA,NA,PRJNA184698,NA,NA,8000000,,,,,,,,,,SAMN01860697,,2015-07-22 17:07:31,sra_release_date
SRR643891,river,NA,NA,PRJNA184698,NA,NA,25000000,,,,,,,,,,SAMN01860703,,2015-07-22 17:09:26,sra_release_date
SRR7299214,river,Jamaica: Riverton City dump,NA,PRJNA475763,NA,NA,8000000,2015-06-15,2018-08-22,2018-08-22,Riverton City dump leachate pond,Environmental metagenome from leachate pond at the Riverton City dump Jamaica,18.01052 N 76.85667 W,Jamaica: Riverton City dump,PRJNA475763,SAMN09401598,SAMN09401598,2015-06-15,2018-08-21 12:03:23,biosample_collection_date
SRR11840535,river,USA: Chesapeake Bay,NA,PRJNA599167,NA,NA,272000,2019-07-25,,,,,,,,,SAMN15000127,2019-07-25,2020-11-23 15:49:22,biosample_collection_date
SRR11840546,river,USA: Chesapeake Bay,NA,PRJNA599167,NA,NA,249000,2019-07-25,,,,,,,,,SAMN15000138,2019-07-25,2020-11-23 15:49:22,biosample_collection_date
SRR13938450,irrigation,Germany,NA,PRJNA713765,NA,NA,275000,2018-06-20,,,,,,,,,SAMN18260219,2018-06-20,2021-03-12 14:48:17,biosample_collection_date
SRR35899498,irrigation,USA: California,NA,PRJNA1343021,NA,NA,43000000,2019-09-26,,,,,,,,,SAMN52641767,2019-09-26,2025-10-29 22:37:09,biosample_collection_date
SRR35899523,irrigation,USA: California,NA,PRJNA1341951,NA,NA,43000000,2019-07-19,,,,,,,,,SAMN52641840,2019-07-19,2025-10-29 23:02:43,biosample_collection_date
SRR35899551,irrigation,USA: California,NA,PRJNA1342024,NA,NA,47000000,2019-08-25,,,,,,,,,SAMN52642164,2019-08-25,2025-10-29 23:05:07,biosample_collection_date
SRR35899560,irrigation,USA: California,NA,PRJNA1342696,NA,NA,59000000,2019-08-26,,,,,,,,,SAMN52641766,2019-08-26,2025-10-29 23:11:25,biosample_collection_date
SRR35899562,irrigation,USA: California,NA,PRJNA1342026,NA,NA,59000000,2019-09-18,,,,,,,,,SAMN52642592,2019-09-18,2025-10-29 23:14:53,biosample_collection_date
SRR35899572,irrigation,USA: California,NA,PRJNA1341956,NA,NA,48000000,2019-09-19,,,,,,,,,SAMN52641559,2019-09-19,2025-10-29 23:18:53,biosample_collection_date
SRR35899599,irrigation,USA: California,NA,PRJNA1342025,NA,NA,46000000,2019-08-26,,,,,,,,,SAMN52642773,2019-08-26,2025-10-29 23:47:49,biosample_collection_date
SRR35899609,irrigation,USA: California,NA,PRJNA1343173,NA,NA,43000000,2019-09-05,,,,,,,,,SAMN52641965,2019-09-05,2025-10-30 00:45:41,biosample_collection_date
SRR35899614,irrigation,USA: California,NA,PRJNA1342540,NA,NA,48000000,2019-09-05,,,,,,,,,SAMN52642588,2019-09-05,2025-10-30 00:45:41,biosample_collection_date
SRR35899617,irrigation,USA: California,NA,PRJNA1342288,NA,NA,51000000,2019-08-26,,,,,,,,,SAMN52642595,2019-08-26,2025-10-30 00:45:47,biosample_collection_date
SRR35899621,irrigation,USA: California,NA,PRJNA1342485,NA,NA,47000000,2019-09-06,,,,,,,,,SAMN52642842,2019-09-06,2025-10-30 00:45:43,biosample_collection_date
SRR35899622,irrigation,USA: California,NA,PRJNA1342125,NA,NA,52000000,2019-09-05,,,,,,,,,SAMN52642448,2019-09-05,2025-10-30 00:45:47,biosample_collection_date
SRR35899646,irrigation,USA: California,NA,PRJNA1342515,NA,NA,58000000,2019-08-23,,,,,,,,,SAMN52641553,2019-08-23,2025-10-30 00:50:46,biosample_collection_date
SRR35899647,irrigation,USA: California,NA,PRJNA1342330,NA,NA,29000000,2019-09-05,,,,,,,,,SAMN52641833,2019-09-05,2025-10-30 00:45:55,biosample_collection_date
SRR11803505,river,USA: Chesapeake Bay,NA,PRJNA599167_WGA,NA,NA,17700000,2017-05-17T17:30:00Z,,,SERC_517_3,Rhode River 5/17/2017 1:30pm,38.89 N 76.54 W,USA: Chesapeake Bay,PRJNA599167,SRS8512012,SAMN14935073,2017-05-17T17:30:00Z,2020-11-22 00:00:00,biosample_collection_date
SRR11803504,river,USA: Chesapeake Bay,NA,PRJNA599167_WGA,NA,NA,13800000,2017-05-17T19:00:00Z,,,SERC_517_4,Rhode River 5/17/2017 3:00pm,38.89 N 76.54 W,USA: Chesapeake Bay,PRJNA599167,SRS8512013,SAMN14935074,2017-05-17T19:00:00Z,2020-11-22 00:00:00,biosample_collection_date
SRR11803502,river,USA: Chesapeake Bay,NA,PRJNA599167_WGA,NA,NA,8500000,2017-05-17T20:30:00Z,,,SERC_517_5,Rhode River 5/17/2017 4:30pm,38.89 N 76.54 W,USA: Chesapeake Bay,PRJNA599167,SRS8512014,SAMN14935075,2017-05-17T20:30:00Z,2020-11-22 00:00:00,biosample_collection_date
SRR11803501,river,USA: Chesapeake Bay,NA,PRJNA599167_WGA,NA,NA,13800000,2017-05-18T14:30:00Z,,,SERC_517_6,Rhode River 5/18/2017 10:30am,38.89 N 76.54 W,USA: Chesapeake Bay,PRJNA599167,SRS8512015,SAMN14935076,2017-05-18T14:30:00Z,2020-11-22 00:00:00,biosample_collection_date
SRR11803500,river,USA: Chesapeake Bay,NA,PRJNA599167_WGA,NA,NA,12100000,2017-05-18T16:00:00Z,,,SERC_517_7,Rhode River 5/18/2017 12:00pm,38.89 N 76.54 W,USA: Chesapeake Bay,PRJNA599167,SRS8512016,SAMN14935077,2017-05-18T16:00:00Z,2020-11-22 00:00:00,biosample_collection_date
SRR11803499,river,USA: Chesapeake Bay,NA,PRJNA599167_WGA,NA,NA,11200000,2017-05-18T17:30:00Z,,,SERC_517_8,Rhode River 5/18/2017 1:30pm,38.89 N 76.54 W,USA: Chesapeake Bay,PRJNA599167,SRS8512017,SAMN14935078,2017-05-18T17:30:00Z,2020-11-22 00:00:00,biosample_collection_date
SRR11803498,river,USA: Chesapeake Bay,NA,PRJNA599167_WGA,NA,NA,4100000,2017-05-18T19:00:00Z,,,SERC_517_9,Rhode River 5/18/2017 3:00pm,38.89 N 76.54 W,USA: Chesapeake Bay,PRJNA599167,SRS8512018,SAMN14935079,2017-05-18T19:00:00Z,2020-11-22 00:00:00,biosample_collection_date
SRR11803497,river,USA: Chesapeake Bay,NA,PRJNA599167_WGA,NA,NA,9300000,2017-05-18T20:30:00Z,,,SERC_517_10,Rhode River 5/18/2017 4:30pm,38.89 N 76.54 W,USA: Chesapeake Bay,PRJNA599167,SRS8512019,SAMN14935080,2017-05-18T20:30:00Z,2020-11-22 00:00:00,biosample_collection_date
SRR11803496,river,USA: Chesapeake Bay,NA,PRJNA599167_WGA,NA,NA,,2017-05-19T14:30:00Z,,,SERC_517_11,Rhode River 5/19/2017 10:30am,38.89 N 76.54 W,USA: Chesapeake Bay,PRJNA599167,,SAMN14935081,2017-05-19T14:30:00Z,2020-11-22 00:00:00,biosample_collection_date
SRR11803495,river,USA: Chesapeake Bay,NA,PRJNA599167_WGA,NA,NA,,2017-05-19T16:00:00Z,,,SERC_517_12,Rhode River 5/19/2017 12:00pm,38.89 N 76.54 W,USA: Chesapeake Bay,PRJNA599167,,SAMN14935082,2017-05-19T16:00:00Z,2020-11-22 00:00:00,biosample_collection_date
SRR11803503,river,USA: Chesapeake Bay,NA,PRJNA599167_WGA,NA,NA,10700000,2017-05-19T17:30:00Z,,,SERC_517_13,Rhode River 5/19/2017 1:30pm,38.89 N 76.54 W,USA: Chesapeake Bay,PRJNA599167,SRS8512020,SAMN14935083,2017-05-19T17:30:00Z,2020-11-22 00:00:00,biosample_collection_date
SRR27827413,river,Bulgaria: Dragushinovo,NA,PRJNA1071831_Drag,NA,NA,,2022-11-03,,,S1-Drag-03-Nov,Iskar River Dragushinovo 2022-11-03,43.27 N 23.55 E,Bulgaria,PRJNA1071831,,SAMN39714288,2022-11-03,2024-03-07 00:00:00,biosample_collection_date
SRR27827408,river,Bulgaria: Dragushinovo,NA,PRJNA1071831_Drag,NA,NA,,2022-11-17,,,S3-Drag-17-Nov,Iskar River Dragushinovo 2022-11-17,43.27 N 23.55 E,Bulgaria,PRJNA1071831,,SAMN39714290,2022-11-17,2024-03-07 00:00:00,biosample_collection_date
SRR27827406,river,Bulgaria: Dragushinovo,NA,PRJNA1071831_Drag,NA,NA,,2022-12-08,,,S5-Drago-08-Dec,Iskar River Dragushinovo 2022-12-08,43.27 N 23.55 E,Bulgaria,PRJNA1071831,,SAMN39714292,2022-12-08,2024-03-07 00:00:00,biosample_collection_date
SRR27827404,river,Bulgaria: Dragushinovo,NA,PRJNA1071831_Drag,NA,NA,,2022-12-21,,,S7-Drag-21-Dec,Iskar River Dragushinovo 2022-12-21,43.27 N 23.55 E,Bulgaria,PRJNA1071831,,SAMN39714294,2022-12-21,2024-03-07 00:00:00,biosample_collection_date
SRR27827412,river,Bulgaria: Mechkata,NA,PRJNA1071831_Mech,NA,NA,,2022-11-03,,,S2-Mech-03-Nov,Iskar River Mechkata 2022-11-03,43.14 N 23.65 E,Bulgaria,PRJNA1071831,,SAMN39714289,2022-11-03,2024-03-07 00:00:00,biosample_collection_date
SRR27827407,river,Bulgaria: Mechkata,NA,PRJNA1071831_Mech,NA,NA,,2022-11-17,,,S4-Mech-17-Nov,Iskar River Mechkata 2022-11-17,43.14 N 23.65 E,Bulgaria,PRJNA1071831,,SAMN39714291,2022-11-17,2024-03-07 00:00:00,biosample_collection_date
SRR27827405,river,Bulgaria: Mechkata,NA,PRJNA1071831_Mech,NA,NA,,2022-12-08,,,S6-Mech-08-Dec,Iskar River Mechkata 2022-12-08,43.14 N 23.65 E,Bulgaria,PRJNA1071831,,SAMN39714293,2022-12-08,2024-03-07 00:00:00,biosample_collection_date
SRR27827403,river,Bulgaria: Mechkata,NA,PRJNA1071831_Mech,NA,NA,,2022-12-21,,,S8-Mech-21-Dec,Iskar River Mechkata 2022-12-21,43.14 N 23.65 E,Bulgaria,PRJNA1071831,,SAMN39714295,2022-12-21,2024-03-07 00:00:00,biosample_collection_date
